chromosome,chr_size (Mbp)
chr_10,17.881775
chr_7,17.479609
chr_2,16.704593
chr_8,16.442819
chr_3,15.803428
chr_9,15.19997
chr_5,15.01106
chr_12,14.832488
chr_1,10.468154
chr_6,9.323981
chr_4,6.491759
chr_11,5.848949
